true_label,pred_label,churn_probability,error_type,tenure_group,Contract
0,0,0.024500714158569463,TN,49-72,Two year
0,1,0.8166080401699953,FP,0-12,Month-to-month
0,0,0.06908773945871562,TN,25-48,One year
0,0,0.32024142038946907,TN,13-24,Month-to-month
0,0,0.02396185874787868,TN,49-72,Two year
0,1,0.6024004562571219,FP,13-24,Month-to-month
0,0,0.48058731013205125,TN,13-24,Month-to-month
0,0,0.09833181801761444,TN,13-24,Month-to-month
0,0,0.016736779121857715,TN,49-72,Two year
1,0,0.3442899801381578,FN,13-24,Month-to-month
0,0,0.40169133368507703,TN,49-72,Month-to-month
0,0,0.02333106537824966,TN,49-72,Two year
0,0,0.17102172275464603,TN,49-72,Month-to-month
1,1,0.732543850955242,TP,0-12,Month-to-month
0,0,0.1257968771819988,TN,13-24,Month-to-month
0,0,0.061144014613099124,TN,49-72,Two year
0,0,0.02422855917561152,TN,0-12,Two year
0,1,0.5928027577316949,FP,13-24,Month-to-month
0,0,0.2079318162591626,TN,49-72,One year
0,0,0.06038917326429886,TN,25-48,One year
1,1,0.7298577145305136,TP,0-12,Month-to-month
0,0,0.2626202679360329,TN,13-24,Month-to-month
0,0,0.03412705404496148,TN,49-72,One year
0,0,0.07866220681142148,TN,13-24,One year
0,0,0.17383637823138093,TN,49-72,Month-to-month
0,0,0.17247321371509725,TN,13-24,Month-to-month
1,0,0.35230556302439026,FN,13-24,Month-to-month
1,1,0.7344407063943958,TP,13-24,Month-to-month
0,0,0.025316783503910516,TN,25-48,Two year
1,1,0.7639612301845495,TP,0-12,Month-to-month
0,0,0.4162041685510321,TN,49-72,Month-to-month
0,1,0.5907501912017554,FP,0-12,Month-to-month
0,0,0.032310769792507986,TN,49-72,One year
0,0,0.018710843153955298,TN,49-72,Two year
1,1,0.7666078740198377,TP,0-12,Month-to-month
0,0,0.27696050444186066,TN,49-72,Month-to-month
1,0,0.46068251371188457,FN,0-12,Month-to-month
0,0,0.017268311327033773,TN,49-72,Two year
1,1,0.8615902642481832,TP,0-12,Month-to-month
1,0,0.17850717010568784,FN,25-48,Month-to-month
0,0,0.02020101447510751,TN,49-72,Two year
0,1,0.84366321603411,FP,0-12,Month-to-month
0,0,0.3094465643368766,TN,25-48,Month-to-month
0,0,0.14980312993550776,TN,0-12,Month-to-month
0,0,0.07203039143549429,TN,25-48,One year
1,1,0.6918918995732438,TP,0-12,Month-to-month
0,1,0.711849400742734,FP,0-12,Month-to-month
0,0,0.2380731491028568,TN,0-12,Month-to-month
0,0,0.030382888472125058,TN,49-72,One year
1,0,0.2409222142424173,FN,13-24,Month-to-month
0,0,0.018710843153955298,TN,49-72,Two year
1,1,0.8714064739161511,TP,0-12,Month-to-month
0,0,0.13582264934729302,TN,0-12,Month-to-month
0,0,0.3018800999066875,TN,0-12,Month-to-month
0,0,0.36424995111228353,TN,0-12,Month-to-month
1,1,0.5968541691639344,TP,0-12,Month-to-month
0,0,0.07565286982346098,TN,25-48,One year
0,0,0.07989184480488803,TN,49-72,One year
0,0,0.05578543080318104,TN,25-48,One year
0,0,0.017268311327033773,TN,49-72,Two year
0,0,0.012171169749833713,TN,49-72,Two year
1,0,0.03855315542094704,FN,25-48,One year
0,0,0.10670838709501776,TN,25-48,One year
0,0,0.16446162910646137,TN,0-12,Month-to-month
1,0,0.3002614188621286,FN,0-12,Month-to-month
1,0,0.4477471289009666,FN,0-12,Month-to-month
1,0,0.1619174444546859,FN,0-12,Month-to-month
1,0,0.19872118839836564,FN,13-24,Month-to-month
1,0,0.1328269065014872,FN,0-12,One year
1,1,0.903371051436388,TP,0-12,Month-to-month
0,0,0.011018409609298674,TN,49-72,Two year
0,0,0.02058750959407303,TN,25-48,Two year
1,1,0.5202243371200072,TP,13-24,Month-to-month
0,0,0.09240265456641003,TN,25-48,One year
0,0,0.05005529741969615,TN,49-72,One year
0,0,0.04102638516049329,TN,13-24,One year
0,0,0.08102544940144019,TN,49-72,Two year
1,1,0.5023494936914313,TP,13-24,Month-to-month
0,0,0.12791867053879757,TN,0-12,Month-to-month
0,0,0.017006379140921506,TN,49-72,Two year
0,0,0.04102638516049329,TN,13-24,One year
0,0,0.020162601468449937,TN,49-72,Two year
1,0,0.2287952831923484,FN,13-24,One year
1,1,0.7428014753415605,TP,0-12,Month-to-month
0,0,0.048154063246852764,TN,0-12,One year
0,0,0.40453089425774164,TN,49-72,Month-to-month
0,1,0.6569247823045418,FP,0-12,Month-to-month
1,1,0.7279194713131882,TP,0-12,Month-to-month
1,1,0.51101068942584,TP,13-24,Month-to-month
0,0,0.1015344050319083,TN,49-72,Two year
1,0,0.46146064294464884,FN,13-24,Month-to-month
0,0,0.30834136271269597,TN,13-24,Month-to-month
0,0,0.020112722378754225,TN,25-48,Two year
1,1,0.5136346365195582,TP,13-24,Month-to-month
1,1,0.5094323805827558,TP,0-12,Month-to-month
0,0,0.02310682025756586,TN,25-48,Two year
0,1,0.5104540913476445,FP,0-12,Month-to-month
0,0,0.01915210758511078,TN,49-72,Two year
1,1,0.7982057111518653,TP,0-12,Month-to-month
0,0,0.10355270638190368,TN,0-12,Month-to-month
1,1,0.7348757119791002,TP,13-24,Month-to-month
1,1,0.5696670587097756,TP,0-12,Month-to-month
0,0,0.4810176507593824,TN,13-24,Month-to-month
1,0,0.27713527277889743,FN,25-48,Month-to-month
1,0,0.23822000651359881,FN,13-24,Month-to-month
0,0,0.012988216596033208,TN,49-72,Two year
0,0,0.22390799264178096,TN,49-72,Two year
0,0,0.053548601948185656,TN,49-72,One year
0,0,0.08256274917748455,TN,49-72,Two year
0,0,0.07610121845117693,TN,25-48,Month-to-month
0,0,0.029817611060713994,TN,49-72,One year
0,1,0.6725382742680553,FP,0-12,Month-to-month
0,0,0.1376571588122698,TN,13-24,Month-to-month
0,1,0.5798682726396951,FP,0-12,Month-to-month
1,1,0.6798433031547824,TP,0-12,Month-to-month
0,0,0.06699093820214912,TN,49-72,Two year
1,0,0.461020694197277,FN,0-12,Month-to-month
0,0,0.4214609290439578,TN,13-24,Month-to-month
0,0,0.07004466410908737,TN,49-72,Two year
0,0,0.01754632060365613,TN,49-72,Two year
0,0,0.027342115667487107,TN,49-72,Two year
1,1,0.8720977793867019,TP,0-12,Month-to-month
0,0,0.02507972000098687,TN,49-72,Two year
0,0,0.04266416906964877,TN,25-48,One year
1,1,0.8067608076481811,TP,0-12,Month-to-month
0,0,0.02698372862981362,TN,49-72,Two year
1,0,0.35557388754570224,FN,25-48,Month-to-month
0,0,0.17436213816104748,TN,25-48,Month-to-month
1,1,0.5276537796299533,TP,25-48,Month-to-month
0,0,0.0791432502170547,TN,0-12,Month-to-month
1,0,0.24991114424616018,FN,0-12,Month-to-month
1,0,0.33118971240146766,FN,13-24,Month-to-month
0,0,0.17779031944846463,TN,49-72,Two year
0,0,0.11509323733259423,TN,13-24,One year
0,0,0.04184294953630451,TN,49-72,Two year
0,0,0.3232732341198414,TN,25-48,Month-to-month
0,0,0.024615817383369213,TN,0-12,Two year
0,0,0.09314296297267081,TN,25-48,Month-to-month
0,0,0.018716991350342504,TN,49-72,Two year
1,0,0.43676225812019864,FN,49-72,Month-to-month
0,0,0.053717526981990914,TN,49-72,Two year
0,0,0.0759734140322581,TN,49-72,Two year
0,1,0.6055608489793257,FP,0-12,Month-to-month
0,0,0.05691301401546304,TN,49-72,One year
0,0,0.020636100472228764,TN,25-48,One year
0,0,0.1817294597573424,TN,49-72,Two year
0,0,0.07845881691924007,TN,25-48,Month-to-month
1,0,0.3110211084838896,FN,49-72,Month-to-month
0,0,0.3083909737123398,TN,13-24,Month-to-month
0,0,0.3024627243665783,TN,13-24,Month-to-month
0,0,0.02310682025756586,TN,25-48,Two year
0,0,0.47354056753345264,TN,0-12,Month-to-month
0,0,0.10131278855168276,TN,49-72,Two year
0,0,0.2587038730850699,TN,13-24,Month-to-month
1,1,0.7705737426038023,TP,0-12,Month-to-month
0,0,0.4001684739154026,TN,13-24,Month-to-month
0,1,0.5614050989375748,FP,0-12,Month-to-month
1,0,0.47956210975077374,FN,0-12,Month-to-month
1,1,0.5757183964829858,TP,0-12,Month-to-month
1,0,0.4696026682644237,FN,25-48,Month-to-month
0,0,0.08135606397142242,TN,49-72,Two year
0,0,0.08701933523953324,TN,25-48,Two year
0,0,0.01055020600149679,TN,49-72,Two year
0,0,0.0165282979760092,TN,25-48,Two year
0,0,0.04425270252730393,TN,25-48,Two year
1,0,0.10355270638190368,FN,0-12,Month-to-month
0,0,0.04813959322131083,TN,25-48,One year
1,0,0.17442532642641068,FN,49-72,One year
0,0,0.08295674520379998,TN,13-24,Month-to-month
0,0,0.02785794042884115,TN,49-72,Two year
0,0,0.31402410078357434,TN,13-24,Month-to-month
1,1,0.8984240366769217,TP,0-12,Month-to-month
0,0,0.14471789685116276,TN,25-48,Month-to-month
1,0,0.26110175145723663,FN,0-12,Month-to-month
0,0,0.44442047183522276,TN,13-24,Month-to-month
0,0,0.4375938276481074,TN,0-12,Month-to-month
0,0,0.017502600247486053,TN,49-72,Two year
0,0,0.017502600247486053,TN,49-72,Two year
0,0,0.3103083228614689,TN,25-48,Month-to-month
0,0,0.18300411951812276,TN,25-48,Month-to-month
1,1,0.5267538007497239,TP,0-12,Month-to-month
0,0,0.07947834851460556,TN,25-48,One year
1,1,0.7368851336398545,TP,0-12,Month-to-month
1,0,0.2622869355840955,FN,0-12,Month-to-month
0,0,0.010887438480658285,TN,49-72,Two year
0,0,0.2390690545294473,TN,49-72,Month-to-month
0,0,0.09418478972497933,TN,49-72,Month-to-month
1,0,0.434363894361403,FN,0-12,Month-to-month
0,0,0.09781982981122177,TN,13-24,One year
0,0,0.04401930883833289,TN,49-72,Two year
0,0,0.19001278979691472,TN,49-72,Month-to-month
0,0,0.4776755271655307,TN,0-12,Month-to-month
1,1,0.6095357030341575,TP,13-24,Month-to-month
0,0,0.017419071903836805,TN,13-24,Two year
0,0,0.38336720572960364,TN,25-48,Month-to-month
0,0,0.388604780287468,TN,25-48,Month-to-month
0,0,0.47922838000180923,TN,49-72,Month-to-month
0,0,0.20683809415637222,TN,13-24,One year
0,0,0.46364807990585816,TN,49-72,Month-to-month
0,0,0.3756447399044046,TN,13-24,Month-to-month
0,0,0.19690483264241174,TN,13-24,Month-to-month
0,0,0.01801442645391583,TN,13-24,Two year
0,0,0.0463785730716436,TN,0-12,One year
0,0,0.07285372224939525,TN,25-48,Month-to-month
0,0,0.1646234996155521,TN,0-12,Month-to-month
0,0,0.0782436960266787,TN,49-72,Two year
0,0,0.1344361025390685,TN,49-72,Month-to-month
0,0,0.2238620326799662,TN,0-12,Month-to-month
0,0,0.40967085302818723,TN,0-12,Month-to-month
0,0,0.017640969579509738,TN,49-72,Two year
1,0,0.15305147463859392,FN,49-72,One year
0,1,0.5568352871090619,FP,0-12,Month-to-month
1,0,0.15630319381303198,FN,25-48,One year
0,0,0.02261091640228792,TN,13-24,Two year
0,0,0.04611603785006558,TN,49-72,One year
0,0,0.3502972947864767,TN,13-24,Month-to-month
0,0,0.02002458408109003,TN,49-72,Two year
0,0,0.47787741195974714,TN,25-48,Month-to-month
1,1,0.5268535907267092,TP,25-48,Month-to-month
1,0,0.0828937198238645,FN,25-48,Month-to-month
0,0,0.0738899252184404,TN,49-72,Two year
0,0,0.11441056648656832,TN,25-48,One year
0,0,0.33549852971044414,TN,13-24,Month-to-month
0,0,0.06252504634352737,TN,25-48,Month-to-month
0,1,0.7324184213632119,FP,0-12,Month-to-month
0,0,0.12438328578879766,TN,49-72,One year
0,0,0.012790361515030048,TN,49-72,Two year
0,0,0.10116020171108636,TN,0-12,Month-to-month
1,1,0.711350733817034,TP,13-24,Month-to-month
0,1,0.6698577668221602,FP,0-12,Month-to-month
0,0,0.2027508754644067,TN,25-48,Two year
1,0,0.49976576624485125,FN,13-24,Month-to-month
0,0,0.34480539481169026,TN,25-48,Month-to-month
0,0,0.03499093630955347,TN,49-72,Two year
1,1,0.8569218805121193,TP,0-12,Month-to-month
1,1,0.7564876555157933,TP,0-12,Month-to-month
1,0,0.32387900923558627,FN,49-72,Month-to-month
0,0,0.28984657889556736,TN,0-12,Month-to-month
0,0,0.1852953507525738,TN,49-72,One year
0,0,0.477987342024003,TN,25-48,Month-to-month
1,1,0.7886070653094142,TP,0-12,Month-to-month
1,0,0.49493607535250794,FN,25-48,Month-to-month
0,0,0.057625592636473266,TN,49-72,Two year
0,0,0.10397155188095115,TN,49-72,Two year
1,1,0.6419648803946436,TP,0-12,Month-to-month
1,1,0.6325034739016895,TP,13-24,Month-to-month
1,1,0.6356382330317426,TP,0-12,Month-to-month
0,0,0.04011190276776718,TN,13-24,One year
0,0,0.02683508779744917,TN,0-12,Two year
0,0,0.39081911110958867,TN,49-72,Month-to-month
0,0,0.035652595150132624,TN,25-48,One year
0,0,0.05587926008690021,TN,0-12,Month-to-month
0,0,0.09064855566514059,TN,13-24,Month-to-month
0,0,0.0495223325143818,TN,49-72,Two year
1,0,0.29312109160001437,FN,0-12,Month-to-month
0,0,0.01962498174962386,TN,13-24,Two year
0,0,0.052190927009203435,TN,0-12,One year
0,0,0.19443803857244013,TN,13-24,Month-to-month
0,0,0.2766620668767488,TN,25-48,One year
0,0,0.39700102668169757,TN,49-72,Month-to-month
0,0,0.37620914920243,TN,0-12,Month-to-month
0,0,0.10004752994323565,TN,49-72,Two year
0,0,0.011803337577678933,TN,49-72,Two year
0,0,0.11749030965591477,TN,13-24,Month-to-month
1,1,0.7495358528337316,TP,0-12,Month-to-month
1,0,0.1262984068669855,FN,25-48,Month-to-month
1,1,0.5149243439539611,TP,0-12,Month-to-month
0,0,0.03828728541916424,TN,49-72,One year
0,0,0.38691536689429273,TN,25-48,Month-to-month
0,1,0.6300023757781131,FP,0-12,Month-to-month
0,1,0.6416402030978243,FP,0-12,Month-to-month
0,0,0.015923045289688395,TN,49-72,Two year
0,0,0.4278791072510261,TN,0-12,Month-to-month
0,0,0.16287266341608042,TN,0-12,One year
0,0,0.021605986584552365,TN,49-72,Two year
0,1,0.695941170961732,FP,0-12,Month-to-month
1,1,0.830300103174369,TP,0-12,Month-to-month
0,0,0.4521980965920126,TN,13-24,Month-to-month
1,1,0.8293519035567185,TP,0-12,Month-to-month
0,0,0.08309951867913754,TN,0-12,Month-to-month
0,0,0.46925099916371343,TN,0-12,Month-to-month
0,0,0.08290029525155347,TN,0-12,Month-to-month
0,0,0.3988790300084143,TN,0-12,Month-to-month
0,0,0.04334776088775534,TN,13-24,One year
0,1,0.5347550081788213,FP,0-12,Month-to-month
1,1,0.6571348266873804,TP,0-12,Month-to-month
1,0,0.19675273150720785,FN,13-24,Month-to-month
0,0,0.05249923968718326,TN,49-72,Two year
1,1,0.5764061928276141,TP,25-48,Month-to-month
0,0,0.033957533049765475,TN,25-48,One year
0,0,0.400179615283178,TN,0-12,Month-to-month
0,0,0.17477197273888576,TN,49-72,Month-to-month
0,0,0.019387047560771753,TN,49-72,Two year
0,0,0.09143651078776725,TN,25-48,Month-to-month
0,0,0.06077350895820567,TN,0-12,One year
0,0,0.173530678303361,TN,25-48,One year
0,0,0.33778574114055293,TN,25-48,Month-to-month
1,0,0.03531194707895399,FN,0-12,Month-to-month
0,0,0.036708604029555586,TN,49-72,One year
0,0,0.055557406577177226,TN,13-24,One year
0,0,0.01069292235440328,TN,49-72,Two year
1,0,0.24330251879036974,FN,25-48,Month-to-month
0,1,0.5086402686571823,FP,0-12,Month-to-month
0,0,0.04115967689243465,TN,49-72,One year
1,1,0.7706461675472747,TP,0-12,Month-to-month
0,0,0.16234053671414317,TN,13-24,Month-to-month
0,0,0.07429144120685131,TN,49-72,One year
0,0,0.0780275100621517,TN,0-12,One year
0,0,0.2261813731145168,TN,0-12,Month-to-month
0,0,0.10717832397831809,TN,0-12,Month-to-month
0,1,0.5904543662846424,FP,0-12,Month-to-month
0,0,0.38458937429297724,TN,0-12,Month-to-month
0,0,0.05552695156624891,TN,49-72,Two year
0,0,0.06513879068001016,TN,25-48,One year
0,0,0.05717437588468568,TN,25-48,One year
0,0,0.0427095090825613,TN,25-48,One year
0,0,0.11310980695195028,TN,49-72,Two year
0,0,0.07000035324233596,TN,13-24,One year
1,0,0.4192513265351234,FN,0-12,Month-to-month
1,1,0.6192912780238194,TP,0-12,Month-to-month
0,0,0.43979423915774224,TN,25-48,Month-to-month
0,1,0.5365400104259503,FP,0-12,Month-to-month
1,1,0.5540863482937348,TP,0-12,Month-to-month
0,0,0.08247376521262909,TN,0-12,Month-to-month
0,0,0.29952971695437697,TN,25-48,Month-to-month
0,0,0.03943144743681426,TN,25-48,Two year
1,0,0.11719207514239664,FN,49-72,Two year
0,1,0.5773567837705519,FP,13-24,Month-to-month
0,0,0.07211754387460477,TN,49-72,One year
0,0,0.025252386526712127,TN,49-72,Two year
0,0,0.2405706197110035,TN,0-12,Month-to-month
1,0,0.16020247946920707,FN,49-72,One year
0,0,0.03948428328416239,TN,49-72,Two year
0,0,0.0421877373030851,TN,13-24,One year
0,0,0.015643683013194676,TN,49-72,Two year
0,0,0.019270378519472484,TN,49-72,Two year
1,1,0.5206002389776492,TP,0-12,Month-to-month
0,0,0.11754756180981446,TN,25-48,Month-to-month
0,0,0.01789401308200549,TN,25-48,Two year
0,0,0.03282070600981343,TN,25-48,One year
0,0,0.01440422489187699,TN,49-72,Two year
1,1,0.8463881608859949,TP,0-12,Month-to-month
0,0,0.1832132464687509,TN,25-48,Month-to-month
1,0,0.3727564971295948,FN,0-12,Month-to-month
1,1,0.878540323782671,TP,0-12,Month-to-month
1,0,0.051629930368434135,FN,49-72,Two year
0,0,0.017395925324573142,TN,49-72,Two year
1,0,0.4401654245319694,FN,13-24,Month-to-month
0,0,0.13985360258274107,TN,25-48,Month-to-month
1,1,0.6317250351000618,TP,13-24,Month-to-month
0,0,0.08813379255981656,TN,13-24,One year
1,0,0.07238579794561532,FN,25-48,One year
0,0,0.13758732974245355,TN,0-12,One year
0,0,0.19578507979017248,TN,0-12,Month-to-month
0,0,0.010301686794019955,TN,49-72,Two year
0,0,0.20141428989769897,TN,13-24,Month-to-month
0,0,0.12673956579219317,TN,49-72,Two year
0,1,0.5613631132226758,FP,25-48,Month-to-month
0,0,0.07092570225431541,TN,49-72,Two year
1,1,0.7048844041554122,TP,0-12,Month-to-month
1,1,0.7330401693919282,TP,0-12,Month-to-month
0,0,0.024243699898127472,TN,13-24,Two year
0,0,0.14898822572081719,TN,49-72,One year
0,0,0.2724313583091769,TN,49-72,Month-to-month
0,0,0.12874514176929475,TN,13-24,Month-to-month
1,0,0.14058119060231916,FN,49-72,One year
0,0,0.16356296646966886,TN,0-12,Month-to-month
0,0,0.05584703728849001,TN,25-48,One year
0,0,0.03570686305865558,TN,25-48,One year
0,1,0.5417848083932284,FP,0-12,Month-to-month
1,1,0.5444898720777882,TP,0-12,Month-to-month
0,1,0.5621697599725991,FP,25-48,Month-to-month
0,0,0.2839115308563328,TN,25-48,Month-to-month
0,0,0.32428864610563546,TN,49-72,Month-to-month
1,0,0.15188554749167663,FN,25-48,One year
0,0,0.0921620816559855,TN,0-12,One year
0,0,0.12319056717367508,TN,25-48,One year
0,0,0.25779260951276367,TN,13-24,Month-to-month
1,0,0.11704046554902031,FN,49-72,Two year
0,0,0.04115117761385934,TN,13-24,One year
0,0,0.11284700990324265,TN,49-72,One year
0,0,0.41642534381239465,TN,0-12,Month-to-month
0,0,0.023945073407518034,TN,13-24,Two year
0,1,0.6615589683314307,FP,0-12,Month-to-month
1,0,0.2592007605752229,FN,0-12,Month-to-month
0,0,0.3126486533849788,TN,0-12,Month-to-month
1,0,0.36347429897684014,FN,0-12,Month-to-month
1,1,0.6329246471250253,TP,0-12,Month-to-month
0,0,0.03500230400162872,TN,49-72,One year
1,1,0.5806473461320315,TP,13-24,Month-to-month
0,0,0.034461045289221115,TN,25-48,One year
0,0,0.051167190499802125,TN,49-72,Two year
0,1,0.7017089336683234,FP,25-48,Month-to-month
0,0,0.0400818321811599,TN,49-72,One year
0,0,0.17245237318405637,TN,13-24,Month-to-month
0,0,0.04727463668196978,TN,25-48,Month-to-month
0,0,0.02708271168756273,TN,13-24,Two year
0,0,0.06105320155669254,TN,49-72,Two year
0,0,0.017030179146096988,TN,25-48,Two year
1,1,0.5723125336480244,TP,0-12,Month-to-month
0,0,0.026116269042075462,TN,49-72,Two year
0,0,0.38220210361041396,TN,0-12,Month-to-month
0,0,0.22875281378006396,TN,49-72,Month-to-month
0,0,0.1601654449835739,TN,0-12,One year
0,0,0.01754632060365613,TN,49-72,Two year
0,0,0.22205406502820846,TN,13-24,Month-to-month
1,0,0.034297715931390305,FN,0-12,One year
0,0,0.39443834837336683,TN,13-24,Month-to-month
1,1,0.6895074388272675,TP,25-48,Month-to-month
0,0,0.04947918447411238,TN,49-72,One year
1,0,0.39902111825628955,FN,0-12,Month-to-month
1,1,0.5375503346312074,TP,13-24,Month-to-month
1,1,0.5859830721697072,TP,0-12,Month-to-month
1,0,0.44340751165789016,FN,25-48,Month-to-month
0,0,0.06391405037492723,TN,25-48,One year
0,0,0.18117870599273836,TN,0-12,Month-to-month
0,0,0.38812889078806595,TN,0-12,Month-to-month
1,1,0.7331145615851689,TP,0-12,Month-to-month
1,0,0.0861759502087104,FN,0-12,One year
1,0,0.3694854808093254,FN,13-24,Month-to-month
0,0,0.07929706592832661,TN,25-48,One year
0,0,0.10697572413596577,TN,25-48,One year
0,0,0.42077062814631055,TN,13-24,Month-to-month
1,1,0.5072667269058605,TP,25-48,Month-to-month
0,0,0.019961387235210886,TN,49-72,One year
0,0,0.3389979085503353,TN,0-12,Month-to-month
0,1,0.5049760647577597,FP,0-12,Month-to-month
0,1,0.573770309093823,FP,0-12,Month-to-month
0,0,0.01754632060365613,TN,49-72,Two year
0,0,0.016736779121857715,TN,49-72,Two year
0,0,0.02209745804372679,TN,13-24,Two year
0,0,0.2631620291306234,TN,49-72,One year
0,0,0.07252511847270425,TN,0-12,One year
0,0,0.1704637007087895,TN,49-72,Two year
0,0,0.13037996074894065,TN,49-72,Month-to-month
1,1,0.7658114063719536,TP,0-12,Month-to-month
0,0,0.04275278513375337,TN,49-72,One year
0,0,0.04524640667415349,TN,49-72,Two year
0,0,0.12063443921997492,TN,25-48,Month-to-month
0,0,0.19782552327936528,TN,0-12,Month-to-month
0,0,0.16015057260585383,TN,49-72,One year
1,1,0.5243486066541008,TP,0-12,Month-to-month
0,0,0.10977845820433653,TN,25-48,One year
0,0,0.2514195456955096,TN,25-48,One year
1,0,0.166372520182098,FN,0-12,Month-to-month
0,0,0.38823610229926686,TN,25-48,One year
0,0,0.02131244155211646,TN,49-72,Two year
0,0,0.04771571811866985,TN,49-72,One year
0,0,0.4140035542816136,TN,0-12,Month-to-month
0,1,0.5639876789511474,FP,0-12,Month-to-month
0,1,0.6396107560998299,FP,25-48,Month-to-month
0,0,0.10834122591484646,TN,25-48,Month-to-month
0,0,0.14607174954048097,TN,49-72,One year
0,0,0.15444172438439943,TN,0-12,Month-to-month
0,1,0.8160815336617457,FP,0-12,Month-to-month
0,0,0.00992204900692214,TN,49-72,Two year
1,0,0.28235255485187755,FN,25-48,Month-to-month
0,0,0.015377125089605856,TN,49-72,Two year
0,0,0.02333472959389936,TN,49-72,Two year
1,0,0.2905682385504539,FN,0-12,One year
0,0,0.01949610110170081,TN,25-48,Two year
1,0,0.19480657150442787,FN,49-72,One year
0,0,0.29305391650711243,TN,49-72,One year
0,0,0.0237352645517545,TN,49-72,Two year
0,0,0.015262624533637666,TN,49-72,Two year
0,0,0.09566783269986948,TN,25-48,One year
0,0,0.0676009683866963,TN,25-48,One year
0,0,0.3383155428825722,TN,0-12,Month-to-month
0,0,0.07694906568898043,TN,13-24,Month-to-month
0,0,0.03039597107596698,TN,49-72,Two year
1,0,0.15254933423973877,FN,0-12,Month-to-month
0,0,0.1607202686235518,TN,25-48,Month-to-month
0,0,0.07903199485778195,TN,25-48,One year
0,0,0.13677213219405143,TN,49-72,Two year
0,0,0.1452803484835423,TN,49-72,One year
0,0,0.010301686794019955,TN,49-72,Two year
0,0,0.22712334744209506,TN,49-72,Month-to-month
0,0,0.30813211220988895,TN,0-12,Month-to-month
1,0,0.4066411187109902,FN,25-48,Month-to-month
1,0,0.4060014252524212,FN,13-24,Month-to-month
0,1,0.6069324970039396,FP,0-12,Month-to-month
0,1,0.5041832392545492,FP,0-12,Month-to-month
0,0,0.012290846043205567,TN,49-72,Two year
1,0,0.2799105152957652,FN,0-12,Month-to-month
0,1,0.6396255325001989,FP,0-12,Month-to-month
0,0,0.02538344740880246,TN,49-72,Two year
0,0,0.03113242818825217,TN,49-72,Two year
0,0,0.024247234573941567,TN,13-24,One year
1,1,0.702793944746381,TP,0-12,Month-to-month
0,0,0.21590738403430215,TN,49-72,Month-to-month
0,0,0.43573582546953366,TN,13-24,Month-to-month
0,1,0.5886515163498502,FP,0-12,Month-to-month
0,0,0.1542155851750728,TN,49-72,One year
0,1,0.5710947969792524,FP,0-12,Month-to-month
0,0,0.017502600247486053,TN,49-72,Two year
0,1,0.6353998895289529,FP,0-12,Month-to-month
0,0,0.17044075911187845,TN,49-72,One year
1,0,0.2949869881113531,FN,13-24,Month-to-month
0,0,0.03676105457437496,TN,25-48,One year
0,1,0.558856611418701,FP,25-48,Month-to-month
0,0,0.018811653558263527,TN,49-72,Two year
0,0,0.3065811970356268,TN,25-48,Month-to-month
0,1,0.5079943731445503,FP,0-12,Month-to-month
0,0,0.010301686794019955,TN,49-72,Two year
0,0,0.07100115725949317,TN,25-48,One year
0,0,0.030785270740135363,TN,25-48,Two year
0,0,0.21574897280360134,TN,49-72,Month-to-month
0,0,0.017006379140921506,TN,49-72,Two year
1,0,0.40888273695716865,FN,0-12,Month-to-month
0,0,0.01751942620502813,TN,49-72,Two year
1,1,0.839984160060797,TP,0-12,Month-to-month
1,0,0.09973405780027472,FN,49-72,One year
0,0,0.08443982829679328,TN,49-72,One year
0,0,0.051293389271925435,TN,49-72,Two year
1,1,0.5410493446493089,TP,0-12,One year
0,0,0.11353514125768853,TN,49-72,One year
0,0,0.05091338883835937,TN,49-72,One year
0,0,0.18589909362278495,TN,25-48,Month-to-month
0,0,0.48515908551022646,TN,0-12,Month-to-month
0,0,0.14064991557933293,TN,49-72,One year
0,0,0.06752224061831016,TN,25-48,Month-to-month
0,0,0.1239704344367745,TN,25-48,One year
0,0,0.17749642074453606,TN,49-72,One year
1,1,0.5147694650544494,TP,13-24,Month-to-month
1,0,0.10432656252739951,FN,25-48,Month-to-month
1,0,0.4160296651222651,FN,25-48,Month-to-month
0,0,0.13466602217726328,TN,49-72,One year
0,0,0.34221368622485226,TN,0-12,Month-to-month
0,0,0.26130078733975687,TN,0-12,Month-to-month
0,0,0.01789401308200549,TN,49-72,Two year
0,0,0.4705863029278354,TN,13-24,Month-to-month
0,0,0.2785283722196752,TN,0-12,One year
0,0,0.2715693476436878,TN,25-48,One year
1,1,0.7174232136672662,TP,0-12,Month-to-month
1,0,0.06324436460813873,FN,25-48,Two year
0,0,0.19737446859159954,TN,49-72,Month-to-month
0,0,0.23515795028492117,TN,0-12,Month-to-month
0,0,0.018710843153955298,TN,49-72,Two year
1,1,0.5677635968627374,TP,0-12,Month-to-month
1,0,0.2367965280102772,FN,13-24,Month-to-month
1,0,0.3435436334826286,FN,25-48,Month-to-month
0,0,0.1207970995830702,TN,49-72,One year
1,1,0.8606932646006192,TP,0-12,Month-to-month
0,0,0.10018115379083549,TN,25-48,Month-to-month
1,1,0.5733424446713141,TP,0-12,Month-to-month
0,0,0.11153842809126234,TN,0-12,Month-to-month
0,0,0.051443687645188654,TN,49-72,One year
0,0,0.08551803872780794,TN,49-72,One year
0,1,0.534024861741259,FP,0-12,Month-to-month
0,0,0.010753484734989455,TN,49-72,Two year
1,0,0.06214063696774788,FN,0-12,Month-to-month
0,0,0.034178679832933975,TN,13-24,One year
0,0,0.3206622023673377,TN,25-48,Month-to-month
0,0,0.163266371928553,TN,49-72,Month-to-month
0,0,0.017502600247486053,TN,49-72,Two year
0,1,0.6153453381618543,FP,0-12,Month-to-month
1,1,0.7064587204791435,TP,0-12,Month-to-month
1,0,0.4738338663662297,FN,0-12,Month-to-month
0,0,0.10259676190842887,TN,25-48,Month-to-month
0,0,0.47476872698466155,TN,49-72,Month-to-month
0,0,0.12935811337489295,TN,49-72,One year
1,0,0.2784815633985823,FN,0-12,Month-to-month
1,0,0.32242357010068357,FN,49-72,One year
0,0,0.06216849557809745,TN,49-72,One year
0,0,0.07436709258077542,TN,49-72,One year
0,0,0.4182835310174778,TN,13-24,Month-to-month
1,1,0.7962482381841118,TP,0-12,Month-to-month
1,1,0.6922459728433266,TP,0-12,Month-to-month
1,1,0.7449846087704162,TP,13-24,Month-to-month
1,0,0.4418046698128527,FN,25-48,Month-to-month
0,0,0.016399261420964956,TN,49-72,Two year
0,0,0.40740490969542154,TN,0-12,Month-to-month
1,1,0.6519709664579992,TP,0-12,Month-to-month
1,1,0.6125224186708914,TP,0-12,Month-to-month
0,0,0.017895929530467213,TN,25-48,Two year
1,0,0.3642514584393863,FN,0-12,Month-to-month
0,0,0.2815693067492451,TN,49-72,Month-to-month
0,0,0.1880997851651078,TN,25-48,Month-to-month
0,0,0.017852987305436423,TN,25-48,Two year
0,0,0.05575214740207469,TN,25-48,One year
0,0,0.014563935240745302,TN,25-48,Two year
0,1,0.5433750021402972,FP,25-48,Month-to-month
0,0,0.01754632060365613,TN,49-72,Two year
0,0,0.012220599011490786,TN,49-72,Two year
0,0,0.07938904804291781,TN,49-72,One year
0,0,0.049466918324809005,TN,49-72,Two year
1,1,0.7435880947514913,TP,0-12,Month-to-month
0,0,0.13316621993660965,TN,49-72,Month-to-month
0,0,0.04589291880628401,TN,0-12,One year
1,0,0.4639041119638343,FN,13-24,Month-to-month
0,0,0.19859374026835558,TN,25-48,Month-to-month
0,0,0.3910346230493756,TN,25-48,Month-to-month
0,0,0.2147219870787599,TN,49-72,One year
1,1,0.6971661471582881,TP,0-12,Month-to-month
1,1,0.8103527572475435,TP,0-12,Month-to-month
0,0,0.10588789117392688,TN,49-72,One year
0,0,0.01801442645391583,TN,13-24,Two year
0,0,0.031665056068318174,TN,49-72,One year
1,0,0.40632243217778113,FN,25-48,Month-to-month
0,0,0.04419692822632532,TN,0-12,One year
0,0,0.09043820019739011,TN,0-12,Month-to-month
1,1,0.7172658385924445,TP,13-24,Month-to-month
0,0,0.016961748798902918,TN,49-72,Two year
1,1,0.619543143092841,TP,25-48,Month-to-month
0,1,0.8243605667692155,FP,0-12,Month-to-month
0,0,0.03821322917226173,TN,13-24,One year
1,0,0.12035961771657981,FN,25-48,Month-to-month
1,0,0.29724155440105393,FN,25-48,Month-to-month
0,0,0.12208057030255,TN,0-12,Month-to-month
0,0,0.04163185484883767,TN,25-48,One year
0,0,0.017268311327033773,TN,49-72,Two year
0,0,0.09896068987926798,TN,0-12,Month-to-month
0,0,0.09428216782570804,TN,49-72,Two year
1,0,0.2526824279833643,FN,49-72,One year
0,0,0.13181540473665745,TN,25-48,Month-to-month
0,0,0.12463961705675844,TN,13-24,Month-to-month
0,0,0.017076359976587824,TN,49-72,Two year
0,0,0.036841909247902455,TN,49-72,Two year
1,1,0.931768813824618,TP,0-12,Month-to-month
1,0,0.29743110566907344,FN,0-12,Month-to-month
0,0,0.06554935668958392,TN,25-48,Month-to-month
1,1,0.7830988405384193,TP,0-12,Month-to-month
1,1,0.5574244701950025,TP,25-48,Month-to-month
0,0,0.009688181697134982,TN,49-72,Two year
0,0,0.016441920288783506,TN,49-72,Two year
1,0,0.13000716189849207,FN,0-12,Month-to-month
0,0,0.02354018380623588,TN,49-72,Two year
1,1,0.8568975179042463,TP,0-12,Month-to-month
1,0,0.41019495621937696,FN,13-24,Month-to-month
0,1,0.8463881608859949,FP,0-12,Month-to-month
1,1,0.8583316931209113,TP,0-12,Month-to-month
0,0,0.07468332998962457,TN,49-72,Month-to-month
1,0,0.37255803576574553,FN,13-24,Month-to-month
0,0,0.025037152975184947,TN,25-48,One year
0,1,0.6501383433826146,FP,25-48,Month-to-month
0,0,0.22328284285966937,TN,49-72,Month-to-month
0,0,0.03600912601699639,TN,0-12,One year
0,0,0.03592104096845912,TN,0-12,Two year
1,0,0.16445348419854625,FN,25-48,Month-to-month
0,0,0.285118015139323,TN,0-12,Month-to-month
0,0,0.019708096125345916,TN,49-72,Two year
0,1,0.5355074393111875,FP,13-24,Month-to-month
0,0,0.04514945771754403,TN,49-72,Two year
0,0,0.06009144268074236,TN,25-48,Two year
0,0,0.017646348321828206,TN,49-72,Two year
0,0,0.29316356684012035,TN,25-48,Month-to-month
0,0,0.2719950572956333,TN,25-48,One year
1,1,0.8834082594446082,TP,0-12,Month-to-month
1,1,0.78216082887993,TP,0-12,Month-to-month
1,0,0.08765657102131372,FN,0-12,Month-to-month
1,0,0.4090540085619963,FN,0-12,Month-to-month
0,0,0.23392564083497722,TN,25-48,Month-to-month
1,0,0.12600760016111165,FN,49-72,One year
1,1,0.5568097013713769,TP,13-24,Month-to-month
1,1,0.8608465656177402,TP,0-12,Month-to-month
0,0,0.017268311327033773,TN,49-72,Two year
0,0,0.07875105040704271,TN,25-48,Two year
0,0,0.09896068987926798,TN,0-12,Month-to-month
0,0,0.36797700784597065,TN,13-24,Month-to-month
0,0,0.012531902942514819,TN,49-72,Two year
0,0,0.16437773252984533,TN,25-48,Month-to-month
0,0,0.07364847576518006,TN,13-24,Month-to-month
0,0,0.018106222791625947,TN,49-72,Two year
0,1,0.7138756990930295,FP,0-12,Month-to-month
0,0,0.012586741698827038,TN,49-72,Two year
0,0,0.11145864582171637,TN,49-72,One year
0,0,0.33655137873794855,TN,25-48,Month-to-month
0,0,0.0939775522173932,TN,49-72,One year
0,0,0.4009051417766422,TN,0-12,Month-to-month
0,0,0.13091510174410034,TN,49-72,Two year
0,1,0.5117799482670614,FP,0-12,Month-to-month
0,0,0.13146419461046127,TN,25-48,One year
0,0,0.08911002275093213,TN,0-12,Month-to-month
0,0,0.14356076077149807,TN,49-72,Two year
1,1,0.5782660395826563,TP,25-48,Month-to-month
0,0,0.049486927650335744,TN,49-72,One year
0,0,0.036515454343425124,TN,49-72,One year
1,0,0.17483138365556916,FN,0-12,Month-to-month
1,0,0.4284424924078214,FN,0-12,Month-to-month
1,0,0.16648790755010268,FN,49-72,Month-to-month
0,0,0.03539237618281602,TN,49-72,Two year
0,0,0.10004220657511033,TN,25-48,Month-to-month
0,0,0.06985478471753565,TN,49-72,Two year
0,0,0.1569682291561917,TN,49-72,One year
0,0,0.48916764491933495,TN,0-12,Month-to-month
1,1,0.6434151933002183,TP,0-12,Month-to-month
0,0,0.3457307369990444,TN,49-72,One year
1,0,0.015177404577514255,FN,49-72,Two year
0,0,0.3685675219330355,TN,25-48,Month-to-month
0,0,0.2866786099407487,TN,0-12,Month-to-month
0,0,0.056915882957662624,TN,25-48,One year
0,0,0.07306907202003182,TN,49-72,One year
0,0,0.0752675817273233,TN,13-24,Month-to-month
1,1,0.754659418485739,TP,0-12,Month-to-month
0,0,0.018811653558263527,TN,49-72,Two year
1,0,0.1404273843030897,FN,49-72,One year
0,0,0.05204477885527177,TN,49-72,One year
0,0,0.10116020171108636,TN,0-12,Month-to-month
0,0,0.0402331291816404,TN,0-12,Two year
0,0,0.2784284042254271,TN,25-48,Month-to-month
0,0,0.48511955367046894,TN,25-48,Month-to-month
0,0,0.08024337781169212,TN,0-12,One year
0,0,0.06831080146113136,TN,25-48,One year
0,0,0.019487397508532765,TN,25-48,Two year
0,0,0.18232968468133773,TN,49-72,One year
0,0,0.017006379140921506,TN,49-72,Two year
0,0,0.14949882824513153,TN,49-72,One year
1,1,0.506864435517692,TP,25-48,Month-to-month
0,0,0.0123647860547547,TN,49-72,Two year
0,0,0.022691292273820853,TN,49-72,Two year
1,1,0.8603131941349931,TP,0-12,Month-to-month
0,1,0.6521264602919745,FP,0-12,Month-to-month
0,1,0.5120221226348608,FP,0-12,Month-to-month
1,1,0.8449273606289744,TP,0-12,Month-to-month
1,0,0.3798725105400438,FN,25-48,Month-to-month
0,0,0.10900913390508488,TN,25-48,Month-to-month
0,0,0.19733694673103616,TN,13-24,Month-to-month
1,0,0.24243987471279682,FN,49-72,One year
0,0,0.4828299125909855,TN,13-24,Month-to-month
0,0,0.11400189455872187,TN,13-24,Month-to-month
0,0,0.01930460220203577,TN,49-72,Two year
0,0,0.017268311327033773,TN,49-72,Two year
0,0,0.0691882579485836,TN,0-12,Month-to-month
0,1,0.5336512548643507,FP,13-24,Month-to-month
0,0,0.05493062640081512,TN,25-48,One year
0,0,0.3881001040087317,TN,0-12,One year
0,1,0.6877397788251235,FP,0-12,Month-to-month
0,0,0.05476702905116981,TN,49-72,One year
1,1,0.7316628091971872,TP,0-12,Month-to-month
1,0,0.317402409859732,FN,49-72,Month-to-month
0,0,0.18430803448151584,TN,13-24,Month-to-month
1,0,0.25281438063864414,FN,13-24,Month-to-month
0,0,0.023827064786414668,TN,49-72,Two year
0,1,0.8976124972648643,FP,0-12,Month-to-month
0,1,0.572856870831717,FP,0-12,Month-to-month
1,1,0.6653325171397912,TP,0-12,Month-to-month
0,0,0.062993847213301,TN,25-48,One year
0,0,0.16776638070790548,TN,13-24,Month-to-month
0,0,0.02091017450364208,TN,25-48,Two year
0,0,0.03570686305865558,TN,25-48,One year
1,1,0.8463881608859949,TP,0-12,Month-to-month
0,0,0.30530459040540553,TN,0-12,Month-to-month
0,0,0.2405706197110035,TN,0-12,Month-to-month
1,1,0.658222454657185,TP,0-12,Month-to-month
1,0,0.2656988538383896,FN,0-12,Month-to-month
1,0,0.12384543867032555,FN,0-12,Month-to-month
0,1,0.8034489261220323,FP,0-12,Month-to-month
0,0,0.016104937462761627,TN,49-72,Two year
0,0,0.026596193258298734,TN,25-48,Two year
1,1,0.8323396784987073,TP,0-12,Month-to-month
0,0,0.04102638516049329,TN,13-24,One year
0,0,0.02131244155211646,TN,49-72,Two year
0,0,0.01771867448131471,TN,49-72,Two year
0,0,0.23253951209685383,TN,25-48,Month-to-month
0,0,0.032623335999365684,TN,49-72,One year
0,0,0.028767376973633733,TN,49-72,Two year
0,0,0.3049969052490945,TN,0-12,Month-to-month
1,0,0.08330168222819877,FN,49-72,Two year
1,0,0.39845124981185764,FN,13-24,One year
0,0,0.02966430071746337,TN,0-12,One year
0,0,0.46884152991861944,TN,25-48,Month-to-month
0,0,0.017006379140921506,TN,49-72,Two year
1,1,0.8421324228491723,TP,0-12,Month-to-month
0,0,0.3538861808083115,TN,25-48,Month-to-month
0,1,0.5558398295121892,FP,13-24,Month-to-month
0,0,0.25378145865982515,TN,13-24,One year
0,0,0.3641287857579291,TN,49-72,One year
0,0,0.0648697668005031,TN,49-72,One year
0,0,0.0559874839246529,TN,25-48,Two year
0,0,0.06857042808871434,TN,0-12,Two year
0,0,0.4932618732486346,TN,0-12,Month-to-month
1,1,0.858049475513106,TP,0-12,Month-to-month
0,0,0.06900296209991495,TN,25-48,One year
0,0,0.3807648143101652,TN,13-24,Month-to-month
1,1,0.7227040336611364,TP,0-12,Month-to-month
0,1,0.5020546399790872,FP,0-12,Month-to-month
1,0,0.3103004321594214,FN,0-12,Month-to-month
0,0,0.09429332895173531,TN,13-24,Month-to-month
0,0,0.0559874839246529,TN,49-72,Two year
0,0,0.02144158992906424,TN,13-24,Two year
0,0,0.07016266076770125,TN,49-72,One year
0,0,0.05923395776990685,TN,49-72,Two year
0,0,0.05145751078081644,TN,49-72,Two year
1,1,0.5061696222668541,TP,0-12,Month-to-month
0,0,0.04109408981825209,TN,49-72,One year
0,0,0.02401920995772483,TN,13-24,Two year
0,0,0.39593507991963894,TN,25-48,Month-to-month
0,0,0.20399394144298125,TN,49-72,Two year
1,1,0.8357215890739405,TP,0-12,Month-to-month
0,0,0.1424115197487808,TN,13-24,Month-to-month
0,0,0.12031423359546403,TN,49-72,Two year
0,0,0.16497962864696078,TN,13-24,Month-to-month
0,0,0.06144886070353063,TN,49-72,Month-to-month
0,0,0.011123953215662414,TN,49-72,Two year
1,1,0.7136523864255081,TP,0-12,Month-to-month
0,0,0.04045761550591834,TN,49-72,Two year
1,0,0.06335745110478541,FN,49-72,One year
1,1,0.5343983796155367,TP,0-12,Month-to-month
0,0,0.4850025440354477,TN,13-24,Month-to-month
1,0,0.24972983036460972,FN,25-48,Month-to-month
0,0,0.016646835646577186,TN,49-72,Two year
0,0,0.4905621335405984,TN,13-24,Month-to-month
0,0,0.015731839533529877,TN,49-72,Two year
0,0,0.1327567943826972,TN,49-72,One year
0,0,0.04873574250147854,TN,49-72,One year
0,0,0.020636100472228764,TN,25-48,One year
0,0,0.39688679767837215,TN,25-48,Month-to-month
0,0,0.15949039570547457,TN,0-12,Month-to-month
0,0,0.07182935875431988,TN,13-24,Month-to-month
0,0,0.3225761289244679,TN,49-72,One year
0,0,0.22358985197328451,TN,0-12,Month-to-month
0,0,0.1560949765225516,TN,49-72,One year
0,0,0.03681694528813738,TN,25-48,One year
1,1,0.8699700240450922,TP,0-12,Month-to-month
0,1,0.8171062282806648,FP,0-12,Month-to-month
0,0,0.04011190276776718,TN,13-24,One year
1,1,0.8413415974515492,TP,0-12,Month-to-month
0,0,0.47107882754189345,TN,0-12,Month-to-month
1,1,0.5354333289308433,TP,25-48,Month-to-month
0,0,0.019881611380874055,TN,13-24,Two year
0,0,0.2007510648450391,TN,25-48,Two year
0,0,0.3859794829528773,TN,25-48,Month-to-month
0,0,0.08628980963257789,TN,25-48,Month-to-month
0,0,0.06307279310159308,TN,25-48,One year
0,0,0.014063814645063235,TN,49-72,Two year
0,0,0.12577700357921337,TN,25-48,Month-to-month
1,1,0.5198004857791474,TP,25-48,Month-to-month
0,0,0.03156618398942174,TN,49-72,Two year
1,1,0.7316628091971872,TP,0-12,Month-to-month
1,0,0.49528938607362244,FN,25-48,Month-to-month
1,1,0.6399237174844137,TP,13-24,Month-to-month
0,0,0.24309831923459568,TN,13-24,Month-to-month
0,0,0.05707198736896698,TN,25-48,One year
1,1,0.6212443672411054,TP,0-12,Month-to-month
0,0,0.35551274551867085,TN,49-72,Month-to-month
0,0,0.07455042561994765,TN,49-72,One year
0,0,0.04301296066172765,TN,49-72,One year
0,0,0.016736779121857715,TN,49-72,Two year
0,0,0.031284193541174156,TN,0-12,Two year
0,1,0.5674625919197441,FP,0-12,Month-to-month
0,0,0.04009241778070583,TN,25-48,One year
1,0,0.07975012061473258,FN,0-12,Month-to-month
0,0,0.2735857345767708,TN,49-72,One year
0,0,0.017500993011076205,TN,49-72,Two year
1,0,0.3820881735993579,FN,25-48,Month-to-month
0,0,0.025793435448637936,TN,0-12,Two year
0,0,0.09557378301133722,TN,0-12,One year
1,1,0.6937673831512938,TP,0-12,Month-to-month
0,0,0.05234821746126904,TN,49-72,One year
1,0,0.05543585056724975,FN,13-24,One year
0,0,0.017502600247486053,TN,49-72,Two year
0,0,0.047540750402352026,TN,49-72,One year
0,0,0.4501363875796627,TN,0-12,Month-to-month
0,0,0.032504559635703395,TN,49-72,Two year
1,1,0.5178825190211898,TP,0-12,Month-to-month
0,0,0.29743110566907344,TN,0-12,Month-to-month
1,0,0.3295569472837711,FN,13-24,Month-to-month
0,0,0.15969603567532978,TN,49-72,Two year
0,0,0.2088934132102473,TN,0-12,Month-to-month
0,0,0.04419692822632532,TN,0-12,One year
1,0,0.09043820019739011,FN,0-12,Month-to-month
0,0,0.04819088665932532,TN,25-48,One year
0,0,0.0378821443753647,TN,25-48,One year
0,0,0.4667874911461382,TN,25-48,Month-to-month
0,0,0.44992249307035115,TN,13-24,Month-to-month
1,0,0.3855757139309665,FN,0-12,Month-to-month
0,0,0.4813351238313724,TN,0-12,Month-to-month
0,0,0.02979038182970909,TN,49-72,Two year
0,0,0.039946189609852426,TN,49-72,One year
0,0,0.013144123340394297,TN,49-72,Two year
0,0,0.2569791166427698,TN,13-24,Month-to-month
0,0,0.21694302221117776,TN,0-12,Month-to-month
1,1,0.9029783788508002,TP,0-12,Month-to-month
0,0,0.25370265562974204,TN,0-12,Month-to-month
1,0,0.1565639286754416,FN,0-12,Month-to-month
1,0,0.19807159908860736,FN,25-48,One year
0,0,0.1842420726025847,TN,13-24,Month-to-month
0,0,0.13964353386700362,TN,0-12,Month-to-month
0,0,0.2226876204338719,TN,0-12,Month-to-month
0,0,0.036095095922424804,TN,25-48,One year
1,1,0.6785724830087828,TP,0-12,Month-to-month
0,1,0.6105416461317644,FP,0-12,Month-to-month
1,1,0.6272191052754398,TP,0-12,Month-to-month
0,0,0.016573397708448383,TN,49-72,Two year
0,0,0.3983282904611603,TN,0-12,Month-to-month
0,0,0.06675109195961679,TN,49-72,One year
0,0,0.10123444782742753,TN,49-72,Two year
0,0,0.3718102505704409,TN,25-48,Month-to-month
0,0,0.37412785128272724,TN,25-48,Month-to-month
0,1,0.8445861224250577,FP,0-12,Month-to-month
1,0,0.2189256526539269,FN,49-72,One year
0,0,0.12123894144375198,TN,13-24,Month-to-month
0,0,0.31086892785555237,TN,0-12,Month-to-month
0,0,0.15492251226297002,TN,49-72,One year
1,1,0.528733574700456,TP,0-12,Month-to-month
0,0,0.01019071531852752,TN,49-72,Two year
1,0,0.42172804285708493,FN,25-48,Month-to-month
0,0,0.022691292273820853,TN,49-72,Two year
0,1,0.6272191052754398,FP,0-12,Month-to-month
0,0,0.1724089397455568,TN,49-72,Month-to-month
0,1,0.783638971688531,FP,0-12,Month-to-month
0,0,0.016736779121857715,TN,49-72,Two year
0,0,0.12356940689991253,TN,25-48,Month-to-month
0,0,0.16579963961395827,TN,25-48,Month-to-month
1,1,0.6082075550760568,TP,0-12,Month-to-month
0,0,0.014859012470013857,TN,0-12,Two year
0,0,0.4446420973399621,TN,25-48,Month-to-month
1,1,0.6158192067285653,TP,0-12,Month-to-month
1,0,0.13790565262792218,FN,13-24,Month-to-month
0,0,0.2177772639691356,TN,25-48,Two year
1,0,0.1393178853921555,FN,25-48,One year
1,1,0.8333823391069534,TP,0-12,Month-to-month
0,0,0.03108769516446214,TN,49-72,Two year
0,0,0.4326308113718511,TN,49-72,Month-to-month
1,1,0.5777574932614037,TP,13-24,Month-to-month
0,0,0.06705569469004888,TN,25-48,One year
0,0,0.16021100373906763,TN,49-72,One year
0,0,0.23419946408196718,TN,13-24,Month-to-month
0,0,0.13350643521458114,TN,49-72,Month-to-month
0,0,0.09128546714721801,TN,49-72,One year
0,1,0.5708760337162797,FP,25-48,Month-to-month
1,1,0.5926592356716036,TP,25-48,Month-to-month
0,0,0.05059916565234915,TN,25-48,One year
1,0,0.1318502261182011,FN,25-48,One year
0,0,0.037708017641110536,TN,49-72,One year
1,1,0.5097626587926112,TP,0-12,Month-to-month
0,0,0.019954495974646467,TN,49-72,Two year
0,0,0.2289319239522317,TN,49-72,One year
0,0,0.38812889078806595,TN,0-12,Month-to-month
0,0,0.24016639113310267,TN,0-12,Month-to-month
0,0,0.04227196887352916,TN,49-72,Two year
1,0,0.04586852986033586,FN,25-48,One year
0,0,0.07723200835597505,TN,0-12,One year
0,0,0.19677472035355217,TN,13-24,Month-to-month
0,0,0.02773319575151284,TN,25-48,Two year
0,0,0.2848686306727081,TN,49-72,One year
0,0,0.45754675731260425,TN,25-48,Month-to-month
0,0,0.01830422399504812,TN,25-48,Two year
0,0,0.44890308682300495,TN,13-24,Month-to-month
0,0,0.013144123340394297,TN,49-72,Two year
1,1,0.9063860120423719,TP,0-12,Month-to-month
0,0,0.03275398714035539,TN,49-72,Two year
0,0,0.09526133558598912,TN,49-72,One year
0,1,0.6857031385102443,FP,0-12,Month-to-month
0,0,0.012724339726731142,TN,49-72,Two year
0,0,0.3453382921082265,TN,13-24,Month-to-month
0,0,0.20471170860528218,TN,25-48,Month-to-month
1,1,0.8518201224487382,TP,0-12,Month-to-month
1,1,0.6153453381618543,TP,0-12,Month-to-month
1,1,0.5114358468849887,TP,25-48,Month-to-month
1,1,0.5598216747614453,TP,49-72,Month-to-month
1,0,0.04543357358538606,FN,25-48,One year
0,1,0.8383497519225833,FP,0-12,Month-to-month
0,0,0.01789401308200549,TN,25-48,Two year
1,1,0.7003976622811479,TP,0-12,Month-to-month
0,0,0.012720262515113349,TN,49-72,Two year
0,0,0.3073220570624269,TN,13-24,Month-to-month
0,1,0.558093673522976,FP,0-12,Month-to-month
1,1,0.7172319939598207,TP,0-12,Month-to-month
0,0,0.08901632613226908,TN,13-24,Month-to-month
1,1,0.6263968088075106,TP,0-12,Month-to-month
0,0,0.025545382213499772,TN,13-24,Two year
1,0,0.4254492843629501,FN,13-24,Month-to-month
0,0,0.09224339735131921,TN,13-24,One year
0,0,0.01789401308200549,TN,49-72,Two year
0,0,0.03956763118527112,TN,49-72,Two year
1,1,0.6282714678789328,TP,0-12,Month-to-month
0,0,0.3535838061426967,TN,25-48,Month-to-month
0,0,0.013165213000705209,TN,49-72,Two year
0,0,0.015271331272247338,TN,49-72,Two year
0,0,0.017646348321828206,TN,49-72,Two year
0,0,0.15546590178697242,TN,0-12,Month-to-month
0,0,0.14356079794749102,TN,0-12,Month-to-month
0,1,0.7431211282857139,FP,0-12,Month-to-month
0,0,0.03541425866871486,TN,25-48,Two year
0,0,0.1912093530647233,TN,25-48,Month-to-month
0,1,0.5325037538854721,FP,0-12,Month-to-month
0,0,0.2502267745558104,TN,25-48,One year
0,0,0.31086632400302766,TN,13-24,Month-to-month
1,1,0.6274332656788499,TP,0-12,Month-to-month
1,0,0.32378277970129493,FN,0-12,Month-to-month
0,0,0.36861934952738284,TN,0-12,Month-to-month
0,0,0.2607299177476889,TN,25-48,Two year
0,0,0.033340604707683,TN,25-48,One year
0,0,0.016700874335199123,TN,49-72,Two year
0,0,0.0873768182109276,TN,25-48,One year
0,0,0.02127894517812687,TN,49-72,Two year
1,1,0.7230956038412298,TP,0-12,Month-to-month
0,0,0.2811747750756193,TN,25-48,Month-to-month
0,0,0.43042316797386193,TN,25-48,Month-to-month
0,0,0.04243925576676731,TN,49-72,Two year
0,0,0.02666854891164272,TN,25-48,Two year
1,0,0.12934668755897116,FN,13-24,One year
0,1,0.5480245630556568,FP,0-12,Month-to-month
0,0,0.4484450809754053,TN,0-12,Month-to-month
0,1,0.8563230360199999,FP,0-12,Month-to-month
1,0,0.4111827643430083,FN,0-12,Month-to-month
1,0,0.475711746804549,FN,13-24,Month-to-month
0,0,0.01771867448131471,TN,49-72,Two year
0,0,0.3192352037886825,TN,0-12,Month-to-month
0,0,0.33924176962175656,TN,25-48,Month-to-month
0,0,0.39975014717008045,TN,13-24,Month-to-month
0,0,0.1421566768291954,TN,49-72,Month-to-month
0,0,0.027755520306856487,TN,49-72,Two year
0,0,0.07202075042054028,TN,49-72,One year
1,0,0.35579809676074164,FN,0-12,Month-to-month
0,0,0.03849391942469962,TN,49-72,Two year
1,1,0.5792185664127781,TP,25-48,Month-to-month
0,0,0.017352372622118063,TN,49-72,Two year
0,0,0.042554126948647165,TN,0-12,One year
0,0,0.3821854191038524,TN,49-72,Month-to-month
0,0,0.0872791026174449,TN,49-72,One year
0,0,0.17740034803836455,TN,0-12,Month-to-month
0,0,0.03553382380414209,TN,25-48,One year
0,0,0.12817976666196604,TN,0-12,Month-to-month
0,0,0.074362024963077,TN,49-72,One year
0,0,0.06519394315104753,TN,0-12,One year
0,0,0.09863819824241649,TN,13-24,Month-to-month
0,0,0.21104996166299816,TN,0-12,Month-to-month
1,0,0.29743110566907344,FN,0-12,Month-to-month
0,0,0.033230724024824104,TN,49-72,Two year
0,0,0.010753484734989455,TN,49-72,Two year
0,0,0.40726837764238577,TN,13-24,Month-to-month
0,0,0.17233476244540114,TN,13-24,One year
1,0,0.2405706197110035,FN,0-12,Month-to-month
0,0,0.03908744792674937,TN,49-72,Two year
0,0,0.03500230400162872,TN,49-72,One year
0,1,0.5181413594542892,FP,0-12,Month-to-month
0,0,0.08922079200078087,TN,49-72,One year
0,0,0.07670458186842902,TN,49-72,One year
0,0,0.02730135588743473,TN,49-72,Two year
0,0,0.026836098870528787,TN,13-24,One year
0,0,0.13881389047476517,TN,13-24,Month-to-month
0,0,0.2831019443902733,TN,0-12,Month-to-month
1,1,0.7808560073012537,TP,0-12,Month-to-month
0,0,0.2483872709605627,TN,49-72,One year
0,0,0.09426335321666084,TN,25-48,One year
0,0,0.02602603499768146,TN,49-72,Two year
0,0,0.21512965624716668,TN,49-72,One year
0,0,0.10482227625199883,TN,13-24,One year
1,1,0.602204011118932,TP,25-48,Month-to-month
0,0,0.067028792938486,TN,25-48,Month-to-month
0,0,0.10260471640850312,TN,49-72,Two year
0,0,0.017956944955282595,TN,49-72,Two year
0,0,0.04395481487127885,TN,49-72,One year
1,0,0.19742741561554597,FN,25-48,One year
0,0,0.047102776836691354,TN,0-12,One year
0,0,0.1121961659905084,TN,49-72,One year
0,1,0.7431211282857139,FP,0-12,Month-to-month
1,0,0.23949059489281804,FN,0-12,Month-to-month
0,0,0.0568873722865435,TN,25-48,One year
0,0,0.03704895426098572,TN,49-72,Two year
0,0,0.052929922188183084,TN,49-72,One year
0,1,0.5365528190759135,FP,13-24,Month-to-month
0,0,0.04298131661171165,TN,49-72,One year
0,0,0.015983192557406295,TN,49-72,Two year
1,1,0.5958084886884397,TP,13-24,Month-to-month
0,0,0.03384421037366249,TN,25-48,One year
1,1,0.5859830721697072,TP,0-12,Month-to-month
0,0,0.016736779121857715,TN,49-72,Two year
0,0,0.014285804683491604,TN,49-72,Two year
1,1,0.5537451025194948,TP,13-24,Month-to-month
0,0,0.03192837964022295,TN,25-48,Two year
0,0,0.21142217410174008,TN,25-48,One year
1,1,0.5206002389776492,TP,0-12,Month-to-month
0,0,0.21314057697852024,TN,0-12,Month-to-month
1,1,0.7002556941092858,TP,0-12,Month-to-month
0,1,0.5343983796155367,FP,0-12,Month-to-month
0,0,0.029998087807332614,TN,49-72,Two year
0,0,0.021916745707993256,TN,49-72,Two year
0,0,0.11890769344249712,TN,25-48,One year
0,0,0.24042572095648937,TN,13-24,Month-to-month
0,0,0.183851708724491,TN,13-24,Month-to-month
0,0,0.44446908433886145,TN,13-24,Month-to-month
0,1,0.511177944266617,FP,0-12,Month-to-month
0,0,0.16149305769232983,TN,25-48,One year
0,0,0.04879549581024437,TN,25-48,One year
0,0,0.07954055523633503,TN,49-72,Two year
1,0,0.26828314271536224,FN,0-12,Month-to-month
0,0,0.05715577955744267,TN,49-72,Two year
0,0,0.127474714444932,TN,25-48,Month-to-month
0,0,0.03568998748870843,TN,49-72,Two year
0,1,0.6231824910978859,FP,0-12,Month-to-month
1,1,0.8103527572475435,TP,0-12,Month-to-month
0,0,0.4330405987420111,TN,0-12,Month-to-month
0,0,0.4187819003846323,TN,25-48,Month-to-month
0,0,0.016104937462761627,TN,49-72,Two year
0,0,0.024053687670861718,TN,49-72,Two year
1,1,0.7229728291332168,TP,0-12,Month-to-month
0,0,0.04297739020569443,TN,13-24,One year
1,1,0.901681183900667,TP,0-12,Month-to-month
0,1,0.5815901309713065,FP,0-12,Month-to-month
0,1,0.7269681306183309,FP,13-24,Month-to-month
1,1,0.5587670239103293,TP,25-48,Month-to-month
0,0,0.4725357023392657,TN,25-48,Month-to-month
0,0,0.1124879238139438,TN,49-72,Two year
0,0,0.030969130835198935,TN,49-72,Two year
0,0,0.3389979085503353,TN,0-12,Month-to-month
0,0,0.054144829404568086,TN,0-12,One year
1,0,0.020662741900807798,FN,49-72,Two year
1,0,0.05962682845287111,FN,49-72,Two year
1,0,0.37452726371154826,FN,49-72,Month-to-month
0,1,0.5645667603665472,FP,0-12,Month-to-month
0,0,0.0229426852736554,TN,0-12,Two year
0,0,0.3317172855538824,TN,0-12,Month-to-month
0,0,0.019665077730033658,TN,49-72,Two year
0,0,0.41142899325420773,TN,25-48,Month-to-month
0,0,0.3255937852196187,TN,0-12,Month-to-month
0,0,0.05488144373020592,TN,49-72,Two year
1,1,0.9086368459907367,TP,0-12,Month-to-month
0,0,0.020581992704809125,TN,25-48,Two year
0,0,0.025250030593367563,TN,25-48,Two year
0,0,0.49451779467299467,TN,0-12,Month-to-month
0,0,0.23115738057600957,TN,25-48,Month-to-month
0,0,0.0318685632734071,TN,49-72,One year
0,0,0.1146143498540896,TN,49-72,Month-to-month
1,1,0.8213300225759095,TP,0-12,Month-to-month
1,1,0.6922038064063123,TP,0-12,Month-to-month
1,1,0.8572192009685484,TP,0-12,Month-to-month
0,0,0.39264880030343824,TN,49-72,Month-to-month
1,1,0.5504635179009779,TP,25-48,Month-to-month
0,0,0.017057204279107275,TN,49-72,Two year
0,0,0.02302041682949174,TN,49-72,One year
0,1,0.7151382954237734,FP,0-12,Month-to-month
0,0,0.013483163540047097,TN,49-72,Two year
0,0,0.3007244550412926,TN,49-72,One year
0,1,0.6547781467475,FP,13-24,Month-to-month
1,1,0.7583744398082879,TP,0-12,Month-to-month
0,0,0.025741905839163814,TN,49-72,Two year
0,0,0.03542982731323869,TN,13-24,Two year
0,0,0.03553382380414209,TN,25-48,One year
0,0,0.04226583657510567,TN,49-72,Two year
0,0,0.18435008035414802,TN,49-72,Month-to-month
1,1,0.7047316654425938,TP,0-12,Month-to-month
0,0,0.02422855917561152,TN,0-12,Two year
1,0,0.44265773033302397,FN,0-12,Month-to-month
0,0,0.013390979062410952,TN,49-72,Two year
1,0,0.30442276756270203,FN,25-48,Month-to-month
1,1,0.8614400559270521,TP,0-12,Month-to-month
1,0,0.4041459643192595,FN,13-24,Month-to-month
0,0,0.3054153277528737,TN,25-48,Month-to-month
1,0,0.10544730641041059,FN,25-48,One year
0,0,0.01875976788066142,TN,25-48,Two year
0,0,0.015377125089605856,TN,49-72,Two year
0,0,0.03468535343668458,TN,25-48,One year
1,0,0.038326289838087946,FN,25-48,Two year
1,1,0.5860641359565555,TP,0-12,Month-to-month
0,0,0.19011778790707645,TN,49-72,Month-to-month
1,1,0.506864435517692,TP,25-48,Month-to-month
0,0,0.30039836728048225,TN,0-12,Month-to-month
1,0,0.39255996674846194,FN,13-24,Month-to-month
1,0,0.4064393044427603,FN,0-12,Month-to-month
0,0,0.4000868651667469,TN,13-24,Month-to-month
0,0,0.02906954610802934,TN,49-72,Two year
0,0,0.035652595150132624,TN,25-48,One year
1,0,0.40360846154476915,FN,13-24,Month-to-month
0,0,0.015038304126817455,TN,49-72,Two year
1,0,0.298915898047845,FN,13-24,Month-to-month
1,1,0.5967987657922476,TP,0-12,Month-to-month
1,1,0.5992080772929054,TP,0-12,Month-to-month
1,0,0.4140881748222916,FN,0-12,Month-to-month
0,0,0.0957060809453335,TN,0-12,Month-to-month
0,0,0.03782442852941874,TN,25-48,One year
1,1,0.5160796304411501,TP,25-48,Month-to-month
1,1,0.8745106821944432,TP,0-12,Month-to-month
0,0,0.028276461221089875,TN,49-72,Two year
0,0,0.04819088665932532,TN,25-48,One year
0,0,0.029198129903708736,TN,49-72,Two year
0,0,0.0386490305718202,TN,25-48,One year
0,0,0.19420994868367097,TN,25-48,One year
0,0,0.041352546311196524,TN,49-72,Two year
0,1,0.5816091990721616,FP,13-24,Month-to-month
0,1,0.6859590239998201,FP,13-24,Month-to-month
1,0,0.3612774438355486,FN,13-24,Month-to-month
0,0,0.07172411644950619,TN,25-48,One year
1,1,0.8892305576911952,TP,0-12,Month-to-month
0,0,0.08207748478673225,TN,0-12,Month-to-month
0,0,0.09751667075835081,TN,25-48,Month-to-month
1,1,0.7703639681701568,TP,0-12,Month-to-month
0,0,0.24735167210726,TN,25-48,Two year
0,0,0.02376498929029969,TN,49-72,Two year
1,0,0.3703584777101618,FN,0-12,Month-to-month
0,0,0.4639010431221719,TN,49-72,Month-to-month
0,0,0.05890812214195346,TN,25-48,One year
0,0,0.04546041161380321,TN,0-12,One year
0,0,0.026860221246103558,TN,49-72,Two year
1,0,0.2924480021128627,FN,0-12,Month-to-month
0,0,0.37106813191390137,TN,0-12,One year
1,1,0.8684065591164559,TP,0-12,Month-to-month
0,0,0.06500261223152715,TN,25-48,One year
0,1,0.5129271699747984,FP,25-48,Month-to-month
0,0,0.4816669440427866,TN,25-48,Month-to-month
0,0,0.3646320908272305,TN,13-24,Month-to-month
0,0,0.17866329152034816,TN,25-48,Month-to-month
0,0,0.019679252716707313,TN,49-72,Two year
0,0,0.12523120379307612,TN,13-24,Month-to-month
0,0,0.06054142181742526,TN,49-72,One year
1,1,0.7912711113429179,TP,0-12,Month-to-month
0,0,0.1311265953356883,TN,25-48,Month-to-month
0,0,0.013207475471579619,TN,49-72,Two year
1,1,0.5085152029717984,TP,25-48,Month-to-month
0,0,0.1982748842027798,TN,49-72,One year
0,0,0.13308434070664968,TN,25-48,Month-to-month
0,0,0.07394249481127711,TN,13-24,One year
0,0,0.017437982847682984,TN,49-72,Two year
1,0,0.23127838698369194,FN,49-72,One year
0,0,0.14838563144960942,TN,13-24,Month-to-month
0,0,0.2191314334995605,TN,49-72,One year
0,1,0.6082075550760568,FP,0-12,Month-to-month
0,0,0.06968689269798407,TN,25-48,One year
0,0,0.020023210031355824,TN,13-24,Two year
1,1,0.646534956206099,TP,0-12,Month-to-month
0,0,0.18372462288227345,TN,13-24,Month-to-month
0,1,0.5723125336480244,FP,0-12,Month-to-month
0,0,0.12504175609259033,TN,49-72,Month-to-month
0,1,0.685376354581055,FP,13-24,Month-to-month
1,0,0.44992676547755966,FN,25-48,Month-to-month
1,0,0.3742166800055598,FN,13-24,Month-to-month
0,0,0.06238015442466046,TN,25-48,One year
0,0,0.017030179146096988,TN,25-48,Two year
0,0,0.37724829148474914,TN,49-72,Month-to-month
1,1,0.9146587311798512,TP,0-12,Month-to-month
0,1,0.835447129623192,FP,0-12,Month-to-month
1,0,0.47560232525851937,FN,13-24,Month-to-month
1,1,0.5250513164640074,TP,0-12,Month-to-month
0,1,0.5519967684508931,FP,13-24,Month-to-month
0,0,0.03795309841509987,TN,49-72,Two year
0,0,0.026765523518371546,TN,49-72,Two year
0,0,0.017268311327033773,TN,49-72,Two year
1,1,0.6542444097673666,TP,13-24,Month-to-month
0,0,0.02096279682469118,TN,49-72,Two year
0,0,0.20606918179305198,TN,0-12,Month-to-month
0,0,0.3183636307854244,TN,0-12,Month-to-month
1,1,0.8109350328770966,TP,0-12,Month-to-month
0,0,0.11016936053328036,TN,25-48,One year
0,0,0.2897645327082339,TN,13-24,Month-to-month
1,0,0.4634134882428055,FN,13-24,Month-to-month
0,0,0.030514002390400394,TN,49-72,Two year
0,0,0.08052444728796676,TN,49-72,One year
0,0,0.016761329048171392,TN,49-72,Two year
0,0,0.08165817931711385,TN,49-72,Two year
0,0,0.11470287024750389,TN,49-72,Two year
0,0,0.14432374766290573,TN,49-72,Month-to-month
0,0,0.3228054732941506,TN,13-24,Month-to-month
0,0,0.024728332879967656,TN,25-48,Two year
0,0,0.033723935365556325,TN,49-72,Two year
0,0,0.38546576751837863,TN,0-12,Month-to-month
1,0,0.1354335932046568,FN,0-12,Month-to-month
0,0,0.04102638516049329,TN,13-24,One year
0,1,0.557396437086912,FP,0-12,Month-to-month
1,1,0.6094270304584921,TP,0-12,Month-to-month
0,0,0.22576211930662293,TN,0-12,Month-to-month
1,1,0.8463881608859949,TP,0-12,Month-to-month
0,0,0.04718015760070309,TN,49-72,Two year
1,0,0.2907725978219355,FN,25-48,Month-to-month
0,0,0.29245140190590857,TN,13-24,Month-to-month
0,0,0.01818190940284896,TN,49-72,Two year
1,1,0.6349578518174562,TP,0-12,Month-to-month
0,0,0.0741417529598306,TN,25-48,Month-to-month
1,1,0.9220041123019921,TP,0-12,Month-to-month
0,0,0.02784397963881827,TN,49-72,Two year
0,0,0.06259728224894309,TN,49-72,One year
0,0,0.042599857708970304,TN,49-72,One year
0,0,0.14950278725814065,TN,49-72,Month-to-month
0,0,0.14406006419004896,TN,49-72,Month-to-month
0,0,0.028179263880344505,TN,49-72,Two year
0,0,0.13788781117938484,TN,0-12,Month-to-month
1,1,0.591326085693978,TP,0-12,Month-to-month
0,0,0.028964208345107684,TN,49-72,Two year
0,1,0.6199400192007618,FP,13-24,Month-to-month
1,1,0.6265211487016856,TP,0-12,Month-to-month
0,0,0.4549663410255978,TN,13-24,Month-to-month
0,0,0.03682756415440083,TN,49-72,Two year
0,0,0.010887438480658285,TN,49-72,Two year
1,1,0.6372572373021682,TP,0-12,Month-to-month
0,0,0.27549984464055016,TN,13-24,Month-to-month
1,0,0.09961752920971093,FN,0-12,Month-to-month
1,0,0.3775331657477694,FN,25-48,Month-to-month
0,0,0.06735745869632416,TN,25-48,One year
0,0,0.1725986896297666,TN,13-24,Month-to-month
0,0,0.2450138598706533,TN,0-12,Month-to-month
0,0,0.024844676983126722,TN,13-24,Two year
0,0,0.01789401308200549,TN,25-48,Two year
0,0,0.13597459740926546,TN,25-48,Month-to-month
1,0,0.412277146993801,FN,49-72,Month-to-month
0,1,0.7416546939575871,FP,0-12,Month-to-month
1,1,0.5736627272877393,TP,0-12,Month-to-month
0,0,0.05118348370405364,TN,0-12,One year
1,1,0.6060012037231629,TP,0-12,Month-to-month
1,1,0.8648938293331339,TP,0-12,Month-to-month
0,0,0.016761329048171392,TN,49-72,Two year
0,0,0.3606099985605098,TN,49-72,Month-to-month
1,1,0.5336030184891413,TP,0-12,Month-to-month
0,0,0.06703678118708148,TN,25-48,One year
0,0,0.3706952385182191,TN,0-12,Month-to-month
0,0,0.18681778490032883,TN,49-72,One year
0,0,0.05489719741740895,TN,49-72,One year
0,0,0.017646348321828206,TN,49-72,Two year
0,1,0.711849400742734,FP,0-12,Month-to-month
0,0,0.3944426507863387,TN,0-12,Month-to-month
1,1,0.6359609973471149,TP,0-12,Month-to-month
0,0,0.0245540451530889,TN,49-72,Two year
0,0,0.0818589289369098,TN,49-72,Two year
0,0,0.03277557424566332,TN,49-72,One year
0,0,0.2681205839308092,TN,49-72,Month-to-month
0,0,0.10708334838094719,TN,0-12,Month-to-month
0,0,0.04635709992535863,TN,25-48,One year
0,0,0.3402169161819652,TN,13-24,Month-to-month
0,0,0.03979731202166244,TN,49-72,Two year
1,0,0.24868657633667196,FN,49-72,Month-to-month
0,0,0.017006379140921506,TN,49-72,Two year
0,0,0.13408887215604734,TN,25-48,One year
0,0,0.1463825946150518,TN,25-48,One year
0,0,0.21902662836634396,TN,13-24,Month-to-month
1,0,0.43074337997265616,FN,25-48,Month-to-month
0,0,0.08911002275093213,TN,0-12,Month-to-month
0,0,0.06284033526212812,TN,49-72,Two year
0,0,0.15724465188582604,TN,49-72,Month-to-month
1,0,0.2692347719516979,FN,49-72,One year
0,0,0.02355054057287106,TN,49-72,Two year
1,1,0.6053302312106851,TP,49-72,Month-to-month
0,0,0.020026202947471754,TN,25-48,Two year
1,0,0.406930362023255,FN,49-72,Month-to-month
0,0,0.09198728281923113,TN,25-48,Month-to-month
0,0,0.055136768988148364,TN,0-12,One year
0,0,0.08247376521262909,TN,0-12,Month-to-month
0,0,0.19447165447118414,TN,0-12,Month-to-month
1,1,0.6520310307724604,TP,13-24,Month-to-month
0,0,0.01451698191199917,TN,49-72,Two year
0,0,0.11130877751699891,TN,25-48,One year
0,0,0.14504637002864385,TN,49-72,Two year
1,0,0.2877436543917595,FN,25-48,Month-to-month
0,0,0.2103703527374613,TN,49-72,One year
1,1,0.6098226246475309,TP,0-12,Month-to-month
1,1,0.5390766991043912,TP,13-24,Month-to-month
0,0,0.033340604707683,TN,25-48,One year
0,0,0.05330568516298492,TN,0-12,Two year
0,0,0.1610571128106991,TN,25-48,Month-to-month
1,1,0.7618921643210107,TP,0-12,Month-to-month
1,1,0.582530265735361,TP,13-24,Month-to-month
0,0,0.03327216266139264,TN,49-72,One year
0,0,0.02955050035461991,TN,49-72,Two year
0,0,0.019289734778077487,TN,49-72,Two year
0,0,0.08646594472237336,TN,25-48,One year
0,0,0.010721237838270305,TN,49-72,Two year
0,0,0.021199723160289348,TN,25-48,Two year
1,1,0.654495380260701,TP,0-12,Month-to-month
1,0,0.38105104744558727,FN,0-12,Month-to-month
0,0,0.014503081560854435,TN,49-72,Two year
0,0,0.4382827646439735,TN,25-48,Month-to-month
0,0,0.040917905238858326,TN,25-48,Two year
0,0,0.13276249509267948,TN,25-48,One year
1,0,0.45211305046727635,FN,49-72,Month-to-month
0,0,0.03547199712819884,TN,49-72,One year
0,0,0.23287030700879144,TN,25-48,Month-to-month
0,1,0.8234702449420593,FP,0-12,Month-to-month
0,0,0.07073731368231226,TN,25-48,Month-to-month
0,0,0.2382133696121656,TN,0-12,Month-to-month
0,0,0.020344653310892424,TN,13-24,Two year
0,0,0.26456460152132877,TN,49-72,One year
0,0,0.08391417011583517,TN,0-12,One year
1,0,0.16357848808932962,FN,0-12,Month-to-month
1,0,0.14782742093915135,FN,25-48,Month-to-month
0,0,0.2334504419159864,TN,0-12,Month-to-month
0,0,0.24671355279951385,TN,25-48,Month-to-month
0,0,0.24456908526780566,TN,13-24,Month-to-month
1,1,0.8067608076481811,TP,0-12,Month-to-month
0,0,0.015377125089605856,TN,49-72,Two year
0,0,0.4910693363175427,TN,13-24,Month-to-month
0,0,0.4461847495831804,TN,0-12,Month-to-month
0,0,0.01925403399478739,TN,13-24,Two year
0,0,0.25057194112059045,TN,25-48,Month-to-month
0,0,0.162012018374391,TN,13-24,One year
1,1,0.5843723483777081,TP,13-24,Month-to-month
1,0,0.3577927481054637,FN,0-12,Month-to-month
0,0,0.02721880117314767,TN,49-72,Two year
0,0,0.08455562226261362,TN,49-72,Month-to-month
1,0,0.4858461556282958,FN,13-24,Month-to-month
1,0,0.40668894112304166,FN,0-12,Month-to-month
1,1,0.6948030846289043,TP,0-12,Month-to-month
0,0,0.0381226392454538,TN,49-72,Two year
0,0,0.15784030056921716,TN,0-12,One year
0,0,0.24973391916917717,TN,0-12,One year
0,0,0.032817244695897044,TN,25-48,One year
0,0,0.19515818849954733,TN,0-12,Month-to-month
1,0,0.16924836814167124,FN,49-72,One year
0,1,0.5243909292474855,FP,25-48,Month-to-month
0,0,0.13430052817341953,TN,25-48,One year
1,0,0.4709989874341486,FN,0-12,Month-to-month
0,0,0.04047273948348302,TN,25-48,One year
0,1,0.518571022436773,FP,49-72,Month-to-month
0,0,0.30725012840400723,TN,49-72,One year
0,0,0.029240115998967284,TN,49-72,Two year
1,1,0.8647393226103953,TP,0-12,Month-to-month
0,0,0.03912735141461798,TN,49-72,Two year
0,0,0.3621313666158962,TN,49-72,Month-to-month
0,1,0.573770309093823,FP,0-12,Month-to-month
0,0,0.12826466517562363,TN,0-12,Month-to-month
0,0,0.025178478947554452,TN,0-12,Two year
1,1,0.7919012111602692,TP,0-12,Month-to-month
0,0,0.040491886239452615,TN,25-48,Two year
0,0,0.025162430760055025,TN,49-72,Two year
0,0,0.027074990794569768,TN,49-72,Two year
0,0,0.021230195629414517,TN,25-48,Two year
0,0,0.050455842419243946,TN,49-72,One year
0,0,0.01763003175417363,TN,25-48,Two year
0,0,0.10708334838094719,TN,0-12,Month-to-month
0,0,0.017006379140921506,TN,49-72,Two year
0,0,0.011845691629131348,TN,49-72,Two year
